15,28,33,42,57,58,90,99
38,44,66,75,88,90,96,99
13,27,28,30,38,42,44,88
15,27,28,30,64,88,90,96
9,13,27,28,38,44,64,66
4,27,28,30,44,58,64,66
6,28,47,70,78,80,93,97
6,19,47,50,60,70,93,95
1,6,10,43,48,50,70,78
1,43,46,48,50,54,63,78
1,6,43,46,50,60,93,97
6,28,43,46,50,63,78,93
1,6,19,54,70,76,78,93
4,13,16,20,30,39,65,91
3,4,16,30,39,53,67,82
2,3,4,40,53,67,77,91
0,2,3,4,16,30,65,77
0,3,30,42,53,65,77,81
2,4,20,30,53,65,81,91
21,30,39,43,48,69,73,74
4,43,59,69,73,74,85,91
11,16,20,21,39,41,85,91
11,16,39,41,48,59,69,74
4,20,30,41,65,85,91,92
13,39,48,55,65,69,74,92
8,19,32,39,49,71,80,99
5,19,39,40,49,50,51,58
19,20,27,32,39,50,58,67
10,17,22,31,67,76,83,93
9,17,22,36,41,43,62,83
9,11,17,33,43,62,65,76
9,10,17,36,41,65,83,93
10,11,18,33,43,65,76,77
22,25,27,44,62,63,81,82
7,10,22,23,62,86,89,96
15,22,23,56,63,81,82,96
10,37,53,62,63,82,89,96
14,22,58,66,72,76,77,78
8,32,36,66,68,72,83,97
14,58,59,68,77,78,83,93
22,63,68,71,77,78,83,93
2,6,22,36,42,49,57,58
2,10,36,38,69,75,82,97
10,22,26,57,69,82,92,97
6,13,22,26,27,47,49,97
26,27,36,54,57,58,82,92
6,13,27,58,69,75,92,97
2,13,22,38,42,49,57,97
10,13,27,47,49,58,69,75
2,13,38,42,47,49,82,97
19,34,42,49,51,64,78,98
19,22,42,49,55,64,81,91
42,44,49,55,64,69,78,89
8,19,42,45,49,53,55,91
28,33,44,51,53,55,89,91
8,28,33,53,64,69,81,91
22,42,44,45,51,64,69,98
8,19,33,34,45,49,89,98
8,22,33,34,42,45,55,69
14,27,40,44,52,67,68,81
20,27,36,44,52,68,82,97
20,25,27,36,40,52,82,93
25,52,63,68,81,82,93,97
10,30,32,49,61,73,82,96
11,29,32,49,58,76,84,92
10,11,30,33,58,61,76,77
32,33,61,76,77,84,93,96
10,11,30,32,33,49,84,92
10,20,30,31,42,49,73,78
7,17,33,58,84,85,90,98
2,6,15,17,39,58,85,99
2,22,39,42,49,57,90,99
2,6,39,48,49,84,85,99
15,17,28,49,57,58,98,99
7,17,36,39,49,58,84,85
6,15,17,22,28,36,57,58
15,28,36,42,57,58,85,98
2,4,31,47,70,77,79,97
2,4,29,31,47,52,66,97
4,20,31,52,53,64,89,98
19,20,29,31,47,64,70,97
19,43,52,66,70,77,88,97
19,31,53,64,66,75,97,98
2,4,29,47,53,79,88,97
2,17,25,49,52,74,84,98
2,25,59,68,70,73,74,95
2,17,31,59,63,72,73,74
17,31,53,59,63,70,72,73
22,25,52,53,59,72,92,94
17,25,52,59,63,68,70,73
1,13,17,18,35,61,65,91
1,12,23,25,46,67,89,91
1,12,17,23,34,50,59,67
18,34,59,61,65,67,74,91
0,13,22,23,38,86,89,96
22,72,78,86,92,95,96,98
22,67,72,78,91,93,96,98
22,67,78,86,91,95,96,98
19,22,45,71,77,78,93,98
19,45,67,71,78,89,96,98
26,39,49,51,56,60,78,96
3,20,24,44,49,58,97,99
2,20,44,60,78,94,96,99
4,20,24,49,56,96,97,99
3,26,51,56,78,96,97,99
2,4,22,39,56,94,97,99
2,3,22,39,49,78,97,99
4,20,26,39,49,58,94,96
7,30,39,43,62,63,71,96
7,48,50,63,69,73,74,96
21,30,50,51,62,71,78,96
7,21,30,43,63,69,73,78
3,35,39,53,64,67,76,88
16,30,52,67,76,82,84,89
4,10,30,35,57,67,80,82
33,39,49,51,52,56,62,83
10,12,45,54,55,70,74,91
2,3,10,14,45,54,74,87
2,14,34,44,70,73,74,95
2,3,10,12,44,45,54,82
3,10,12,41,70,74,87,95
37,56,65,75,76,80,87,99
1,37,65,66,80,84,92,99
22,24,41,54,71,73,82,89
18,20,22,40,57,71,72,75
20,22,24,30,54,57,69,71
5,24,30,61,69,73,82,98
4,25,41,46,64,82,86,89
14,21,46,47,53,65,72,87
4,6,46,53,64,87,89,90
4,14,21,25,26,41,47,86
21,25,26,47,53,64,87,89
4,21,38,47,64,65,84,87
14,25,38,41,72,86,89,90
4,21,46,53,64,65,72,89
4,41,53,64,65,87,89,90
6,46,47,64,72,84,86,87
2,16,37,41,65,70,77,92
2,14,16,25,32,44,70,73
2,14,25,37,41,44,52,92
13,14,22,43,44,61,65,77
2,13,16,22,32,37,61,70
4,18,23,33,37,43,61,68
3,30,33,42,43,59,61,99
3,18,30,33,42,43,61,79
29,34,50,52,61,83,93,96
16,24,74,76,80,83,96,98
4,18,52,61,80,83,87,98
18,24,34,36,67,83,96,98
18,24,29,67,83,93,96,98
16,18,24,29,34,36,80,93
18,29,34,61,67,74,80,87
24,26,48,66,86,88,90,97
3,25,35,39,53,64,67,88
3,9,25,26,35,53,67,86
9,25,26,53,66,67,90,97
3,12,32,35,48,66,86,90
8,19,36,39,79,80,91,93
8,15,26,36,79,80,85,93
8,19,25,30,62,66,82,85
6,10,12,13,22,59,86,89
3,4,10,31,53,57,59,89
10,12,14,22,50,53,94,98
3,4,6,50,59,61,94,98
4,26,39,42,60,61,67,81
20,39,42,48,60,67,81,84
24,30,38,39,47,60,73,81
20,24,26,38,47,61,67,95
26,47,69,73,80,85,88,91
26,33,47,87,88,91,93,97
33,47,70,80,88,91,92,93
6,20,33,47,78,87,88,91
20,28,47,64,70,73,92,97
3,33,70,73,80,87,88,92
2,10,37,65,70,77,97,99
10,12,37,69,87,89,97,99
2,10,65,70,75,77,82,89
10,43,56,65,70,80,97,99
4,12,19,32,53,58,88,95
4,12,45,53,54,58,80,95
21,32,53,54,60,80,95,97
4,16,19,20,21,54,58,62
2,3,4,31,41,77,79,97
3,9,11,31,53,67,68,91
4,12,28,31,34,40,53,54
11,28,31,40,41,68,77,91
3,11,12,31,41,77,79,97
20,30,34,41,53,65,90,91
10,17,21,22,34,67,76,95
10,22,24,55,57,67,86,93
3,10,17,22,24,34,67,76
0,3,10,17,21,34,55,93
17,21,22,34,55,57,67,83
0,13,28,47,73,79,80,88
13,15,28,47,51,60,72,80
3,13,52,78,79,86,88,90
0,28,56,60,78,86,90,96
7,30,55,57,58,83,97,98
0,7,30,58,83,86,87,97
0,7,26,31,32,39,86,90
0,18,34,37,42,51,90,97
0,9,19,34,42,47,71,78
7,9,34,51,57,67,97,98
9,34,42,49,51,67,90,97
7,18,37,39,42,67,78,98
19,37,39,42,47,49,51,64
9,18,34,39,42,51,57,78
7,47,49,57,64,78,90,97
2,9,20,36,61,66,94,95
2,20,53,61,78,82,85,96
25,41,43,54,64,82,83,97
1,6,41,54,57,60,82,83
6,25,41,43,51,64,83,98
25,32,51,54,75,82,97,98
34,43,51,54,57,60,64,97
1,6,12,32,41,57,84,97
1,32,34,41,54,83,97,98
10,13,44,55,64,71,92,94
26,33,49,50,56,62,64,93
49,50,56,57,60,62,64,93
26,29,33,51,56,61,62,64
26,34,51,52,57,60,64,78
14,22,35,46,52,55,76,96
1,7,22,46,57,76,86,91
1,6,14,22,49,84,91,96
9,14,39,42,60,67,75,81
4,9,14,26,27,44,68,75
13,23,38,40,59,76,89,96
13,14,31,35,51,63,71,89
5,19,31,35,42,59,71,76
5,19,23,27,28,31,42,63
19,27,28,31,59,63,71,96
5,14,19,31,40,42,71,89
13,14,27,35,51,71,89,96
19,23,28,42,59,63,71,89
23,27,31,35,40,42,51,96
1,6,44,52,68,74,83,91
1,11,44,65,68,74,77,94
6,44,50,64,74,86,91,94
6,7,18,29,41,68,70,79
29,32,58,62,68,76,89,94
6,16,21,29,41,44,58,89
21,32,44,68,70,78,79,89
6,18,21,29,31,32,58,78
18,31,41,47,58,70,79,94
7,31,32,47,58,68,76,78
6,9,14,15,19,20,60,65
3,6,14,19,20,55,65,91
1,4,9,19,33,55,65,96
1,6,14,19,20,33,91,96
1,4,9,15,35,69,91,99
1,3,4,9,19,35,44,96
27,43,64,71,73,83,86,89
24,46,71,73,83,86,88,97
19,27,64,71,73,83,92,97
4,27,41,43,64,82,83,89
19,24,25,43,73,82,88,97
19,22,24,43,46,71,82,83
37,38,43,48,58,70,83,91
33,41,43,48,64,79,93,99
3,38,41,43,59,64,83,93
3,37,43,58,69,79,95,99
3,23,33,38,41,59,91,99
3,33,41,43,64,70,83,93
13,14,18,41,64,66,88,93
13,14,25,33,39,41,58,71
13,31,33,40,41,66,88,93
18,31,36,39,40,45,58,66
0,18,36,58,64,71,84,88
8,23,24,67,71,81,82,99
6,11,14,17,58,67,91,99
11,14,24,31,58,71,77,81
14,18,24,58,67,77,83,91
17,18,19,58,64,71,83,99
8,11,31,64,77,82,83,91
22,23,40,73,76,86,88,96
6,10,12,38,59,62,89,96
42,51,53,60,61,77,93,97
0,34,42,53,60,77,95,97
10,18,53,61,65,77,85,93
7,32,57,61,71,82,98,99
7,8,22,24,45,71,81,98
5,10,19,38,42,55,74,83
12,18,25,38,42,54,58,70
5,10,18,30,42,43,55,58
18,42,48,54,55,74,83,91
5,10,19,37,42,43,58,91
1,5,6,7,26,50,55,91
1,5,26,38,53,55,91,98
5,7,26,55,71,91,98,99
5,36,38,49,50,53,75,77
5,7,26,36,38,53,63,98
10,40,43,48,64,70,74,86
5,40,42,43,48,70,73,83
5,10,17,27,40,48,49,74
10,17,27,43,64,70,83,89
5,10,17,40,42,43,49,64
17,38,42,49,69,71,73,83
10,42,49,64,71,73,74,89
1,26,43,52,62,66,71,96
1,26,28,52,58,71,79,96
0,1,26,43,49,62,79,94
0,1,2,17,32,52,62,66
26,28,32,52,66,69,71,94
0,17,18,32,58,71,79,94
5,22,29,40,43,78,87,98
11,29,32,58,59,62,92,98
9,11,22,32,39,61,62,70
8,11,22,58,62,70,78,98
8,24,25,30,44,48,58,74
24,32,42,45,48,57,58,74
8,24,25,32,42,44,57,58
24,30,42,44,58,71,74,81
24,30,32,42,59,71,72,74
30,42,44,45,59,64,71,85
8,32,44,45,48,58,72,92
8,24,25,32,45,48,59,74
0,14,22,43,52,77,81,96
14,34,62,77,81,87,92,99
5,15,43,50,56,73,82,90
5,15,22,23,73,81,90,96
5,15,50,65,67,69,74,92
5,17,21,27,42,73,78,95
5,10,17,42,68,69,87,95
5,10,17,22,37,42,50,95
5,28,34,42,73,76,78,87
18,22,26,44,83,92,94,95
8,26,63,69,82,83,89,97
8,18,26,52,57,63,83,92
8,10,44,52,66,82,83,97
8,22,44,63,82,89,90,92
10,26,52,63,66,83,92,95
33,37,53,55,62,82,83,89
19,30,31,33,53,55,59,63
3,19,30,57,62,63,82,96
3,30,33,53,59,62,82,83
3,4,10,33,57,82,83,89
10,19,30,53,55,62,89,96
11,13,30,40,53,57,97,98
11,24,30,40,48,53,90,94
3,13,22,30,40,80,97,98
13,30,40,53,56,57,90,98
3,24,30,40,48,53,90,98
7,11,22,24,53,56,74,98
7,11,56,57,73,74,90,97
4,13,26,31,36,63,69,70
12,26,49,63,65,69,74,82
13,26,31,44,49,55,69,78
5,12,26,31,44,46,74,78
31,33,36,44,63,65,74,78
13,26,39,49,55,65,69,74
1,17,32,66,70,77,83,93
4,17,32,48,60,61,66,73
7,20,21,26,28,81,83,90
17,28,45,72,80,81,83,94
4,11,17,20,45,71,72,90
4,7,16,17,20,26,45,94
0,1,50,64,79,94,98,99
11,17,29,39,44,85,89,99
1,10,17,57,79,83,94,98
0,1,39,44,50,89,94,99
0,17,29,64,79,83,94,99
1,28,35,36,41,60,62,92
7,28,35,41,55,68,81,88
11,19,41,45,60,64,68,81
14,22,34,47,58,60,65,87
14,21,22,46,58,65,72,96
10,12,23,47,58,65,94,96
10,22,34,47,53,67,72,98
10,14,23,53,58,65,67,72
22,23,34,50,67,72,96,98
21,47,53,60,72,87,94,96
12,23,46,53,58,67,72,98
12,14,23,60,87,94,96,98
10,14,21,50,53,67,96,98
6,14,15,22,34,47,74,87
11,14,22,42,58,65,71,74
0,9,15,19,42,60,71,87
2,3,35,41,53,64,88,93
13,14,18,35,77,79,90,93
10,18,29,35,41,54,77,93
2,13,18,53,66,75,79,88
2,13,18,35,41,79,88,90
3,35,36,54,56,57,82,92
3,16,35,41,60,62,83,93
31,35,56,57,60,62,71,92
1,39,42,43,44,52,63,85
1,12,35,52,56,63,66,85
7,26,35,43,44,71,85,96
1,7,35,44,56,62,85,96
11,13,34,48,75,81,84,88
4,6,18,46,58,75,87,97
23,36,46,53,64,74,87,97
4,11,18,60,74,75,87,97
4,18,36,53,60,74,75,89
6,20,21,41,74,81,83,90
6,13,20,21,33,45,63,85
9,20,41,81,85,87,89,90
6,12,17,42,50,60,79,93
6,42,47,49,60,79,93,94
3,6,17,50,70,73,93,94
12,17,19,49,73,79,93,94
6,17,19,47,49,66,73,94
17,19,42,47,49,50,66,95
3,16,18,20,58,69,97,99
8,9,20,24,48,49,97,99
3,8,16,30,35,44,49,66
21,24,42,50,56,66,68,73
24,47,56,59,66,73,80,98
21,23,35,41,42,59,66,75
35,47,56,58,60,68,73,78
41,47,58,59,60,73,75,78
21,23,24,58,66,73,78,98
2,6,35,41,59,81,88,98
6,7,28,41,59,68,81,90
6,7,35,41,70,79,81,98
2,15,29,55,79,81,82,88
20,46,52,58,65,76,78,96
17,43,46,55,72,76,81,96
0,14,21,55,65,76,81,96
0,43,55,58,65,76,77,81
8,9,26,35,39,41,83,85
8,9,22,35,41,50,55,60
5,9,22,26,35,43,55,99
9,11,32,37,62,63,88,89
3,7,32,62,63,72,73,74
4,7,21,36,52,62,72,89
26,32,35,40,54,58,74,94
24,26,32,48,54,55,65,74
13,25,26,33,47,49,86,91
1,6,13,22,26,33,91,97
1,13,15,22,47,66,91,97
6,13,15,33,47,85,91,97
18,40,44,46,47,75,84,95
12,44,50,75,84,94,95,99
18,22,40,44,46,75,86,95
15,18,26,44,46,47,92,95
40,44,46,47,50,84,86,94
6,8,40,43,48,50,68,70
1,25,48,68,70,74,86,88
1,6,7,25,64,74,87,88
1,6,26,64,70,74,78,87
6,7,10,26,41,68,74,86
25,50,64,68,70,74,86,88
8,25,40,41,50,64,68,86
1,6,26,40,43,74,87,88
20,31,37,52,61,78,87,96
23,28,31,50,71,78,79,96
23,28,46,50,52,61,76,87
5,7,26,46,65,71,87,98
16,22,29,40,41,44,71,89
5,22,26,29,35,43,78,98
5,26,35,40,43,44,87,90
27,33,58,70,72,84,93,98
17,27,33,37,63,70,89,90
17,33,34,60,72,73,85,89
7,17,27,33,41,60,84,98
17,37,60,63,70,72,73,75
7,27,70,72,75,84,85,89
27,33,34,58,63,72,89,98
7,34,37,41,58,85,89,90
7,37,41,60,63,70,73,98
13,26,33,35,41,49,50,79
1,9,48,49,56,62,93,99
9,48,49,56,64,79,93,94
4,31,37,47,65,79,92,99
0,3,5,10,30,65,77,79
0,10,37,41,92,94,97,99
5,6,9,42,55,61,81,99
5,10,19,40,52,74,92,99
4,25,39,47,49,68,86,91
13,26,33,41,47,49,86,91
48,53,54,70,84,86,87,93
0,13,27,53,58,83,86,87
24,27,33,83,84,87,94,98
24,33,44,72,84,86,87,94
15,27,53,54,58,72,94,98
5,13,19,20,29,34,55,65
14,55,58,63,73,84,90,91
8,33,38,64,75,81,84,91
7,33,37,64,79,84,91,98
7,30,32,33,37,70,81,95
7,37,49,64,70,79,81,98
1,35,37,38,47,79,80,84
4,12,35,37,47,55,80,92
1,37,65,78,79,80,84,92
1,4,32,35,37,47,66,99
4,12,35,37,49,78,92,99
4,12,31,32,66,67,80,84
31,32,38,47,49,66,80,92
19,32,36,39,42,49,55,80
2,3,32,35,47,70,81,90
3,32,39,47,55,74,81,90
19,32,39,49,55,68,72,74
1,27,47,69,73,74,80,88
0,1,27,37,74,79,80,84
0,1,28,71,73,74,83,88
1,28,37,47,79,83,84,98
0,36,37,71,79,83,84,88
13,27,28,47,69,71,73,74
13,27,28,37,38,71,80,98
3,22,42,51,64,69,85,98
3,11,22,42,72,86,92,96
9,22,29,78,86,95,96,98
14,46,51,72,85,86,96,98
9,11,14,29,46,69,95,96
4,16,25,47,49,60,63,97
3,16,17,20,45,63,86,94
17,54,63,64,74,86,87,94
10,16,17,20,45,65,85,94
14,16,60,63,86,87,88,94
10,14,16,20,64,65,74,85
2,12,20,28,45,49,52,84
17,25,43,50,62,65,74,84
2,23,28,49,65,74,84,98
1,13,48,61,63,65,69,81
17,18,47,48,57,65,76,81
13,16,31,47,48,81,88,91
17,18,38,48,61,63,76,77
11,32,55,62,76,89,90,94
11,32,49,51,54,68,89,92
11,54,55,58,62,84,90,98
5,11,15,61,64,70,75,96
3,6,16,59,61,70,76,96
24,56,57,60,62,81,86,93
15,19,49,56,64,86,93,94
10,22,24,55,57,62,81,93
10,22,24,56,62,91,93,94
1,11,38,48,50,70,84,87
1,11,19,48,50,54,69,86
8,32,43,62,63,65,76,89
28,43,53,63,74,76,87,97
8,12,26,69,76,82,87,89
10,20,27,32,44,66,82,85
10,20,32,48,65,71,75,82
10,18,20,59,62,65,71,85
27,43,59,74,75,80,81,91
1,4,23,27,47,74,81,82
4,7,26,27,59,73,74,75
16,27,37,43,46,72,96,98
16,17,27,46,72,75,91,98
13,26,30,31,41,47,48,49
13,24,40,47,49,90,93,97
33,40,47,49,65,88,91,93
13,26,31,41,49,86,90,93
13,30,31,47,48,88,90,91
21,30,41,56,73,75,86,93
38,39,41,62,81,88,93,98
11,30,39,47,56,73,75,81
8,30,38,41,57,62,73,86
11,30,39,41,47,60,81,93
8,30,41,60,62,73,86,93
7,14,25,35,44,68,70,75
11,25,44,49,61,68,70,96
5,17,58,61,65,68,75,96
2,7,9,26,59,68,73,75
2,15,28,59,75,86,91,93
2,7,30,41,59,71,73,91
2,9,21,41,59,66,75,91
9,28,41,59,71,73,75,78
7,9,26,28,56,59,78,86
9,11,32,33,37,55,62,70
8,11,27,55,62,63,70,90
17,33,37,63,70,71,89,90
20,31,41,42,52,64,80,89
13,30,42,44,52,64,69,80
1,4,23,33,47,65,81,96
4,7,10,12,33,37,47,85
1,43,58,61,65,68,81,94
10,18,33,43,58,61,65,81
10,12,18,37,61,94,96,97
10,12,18,37,47,58,94,97
4,7,10,58,65,85,94,96
19,27,45,47,65,81,84,96
1,29,46,48,50,54,63,81
1,13,46,48,63,69,73,96
7,29,46,50,61,69,73,96
1,8,13,25,29,48,73,74
14,15,16,20,29,58,89,99
11,14,16,29,41,44,89,99
2,3,38,53,62,81,88,98
10,27,30,41,45,51,65,93
12,17,28,30,45,71,74,83
9,10,27,28,41,71,74,75
4,8,20,31,52,53,61,87
27,31,35,38,53,61,80,98
4,18,20,27,31,38,42,61
4,27,28,31,38,53,80,98
31,35,41,61,64,80,87,98
20,21,23,64,72,82,85,99
20,30,51,64,72,85,90,98
21,23,29,39,45,46,82,90
21,30,45,56,72,90,98,99
36,42,45,55,75,80,91,93
16,19,45,53,55,75,91,93
8,9,19,32,42,55,75,84
8,16,39,49,79,80,84,99
8,16,32,39,53,75,80,84
5,24,40,42,43,50,66,91
12,31,35,49,52,63,78,85
0,1,17,30,55,75,77,93
0,1,17,45,55,74,75,80
1,2,32,42,55,74,75,77
21,27,40,44,65,73,76,84
21,27,40,46,65,75,81,84
4,18,27,44,46,47,48,95
0,3,10,30,43,55,65,77
1,10,34,43,55,56,65,93
18,24,32,44,54,57,70,86
1,8,24,28,56,57,58,70
24,45,49,54,56,92,95,99
12,27,28,38,45,54,95,99
20,27,28,45,47,56,92,99
0,24,26,27,45,47,92,95
9,12,20,24,49,50,54,67
12,43,50,60,85,93,96,99
19,25,45,53,58,67,72,75
22,25,33,34,45,68,69,72
19,25,27,33,53,58,68,82
0,22,25,27,53,69,72,80
19,27,34,53,66,67,72,75
0,4,5,12,19,23,27,63
0,4,5,19,83,85,87,88
0,4,19,32,37,58,83,88
4,27,32,53,58,83,87,95
13,18,35,40,79,92,97,98
5,12,19,22,26,30,42,85
19,22,26,29,56,71,76,78
0,5,26,29,30,35,56,88
21,30,31,35,45,56,71,78
0,5,19,21,26,45,85,88
5,19,21,30,31,42,71,78
12,19,26,42,56,59,71,85
10,20,21,29,30,44,53,62
2,8,24,31,53,61,82,87
2,4,20,31,52,63,78,85
4,8,24,31,32,53,57,87
9,11,22,30,51,55,58,89
3,22,23,30,47,73,79,81
3,23,39,47,55,56,81,89
9,11,22,30,37,39,55,81
22,37,47,55,58,73,82,89
1,28,33,47,50,64,76,84
14,31,37,40,52,79,90,91
11,25,28,31,40,52,64,91
13,18,31,36,42,60,79,88
18,31,36,38,42,44,60,88
3,16,20,37,79,86,95,99
6,11,16,37,45,63,86,99
17,18,20,37,58,79,94,99
11,16,43,58,69,79,86,97
4,32,34,44,59,68,74,95
4,14,16,27,32,44,73,95
28,33,34,36,41,69,77,94
25,28,41,46,52,77,94,95
20,25,33,36,41,52,66,71
11,22,26,51,52,54,55,97
5,6,13,22,46,51,52,91
3,5,6,13,33,52,91,97
17,30,45,46,71,73,87,88
11,17,27,36,45,66,71,87
27,30,32,51,66,73,87,95
21,24,44,46,54,57,70,81
5,19,32,36,64,67,86,96
2,8,40,47,65,67,75,79
3,25,26,27,35,55,67,68
1,25,53,55,67,86,91,98
1,3,5,38,53,61,80,98
26,27,31,53,61,67,80,91
10,16,62,67,72,84,90,93
11,27,54,62,84,90,91,98
10,27,28,61,84,90,91,93
9,11,21,57,58,89,96,97
7,17,21,30,58,83,88,97
21,30,51,55,67,89,96,98
5,26,32,42,55,61,91,99
7,32,42,72,83,91,94,98
26,42,46,61,71,82,87,91
11,26,32,42,57,72,94,98
0,4,12,24,33,35,37,92
9,33,42,59,76,81,89,91
22,44,51,52,54,60,64,97
11,15,26,52,54,57,72,78
2,7,9,37,41,89,90,92
7,9,14,25,38,50,86,90
1,28,44,52,53,56,68,74
1,19,25,28,48,54,56,86
3,26,27,35,54,56,57,64
25,27,40,55,58,68,82,92
26,27,36,54,57,58,68,94
3,8,16,35,37,41,72,86
8,16,19,37,59,72,79,99
16,19,23,46,67,72,86,91
21,35,67,79,86,91,95,99
1,6,7,14,15,32,87,94
1,6,14,22,32,47,87,88
1,7,14,15,47,64,79,98
1,6,32,61,74,87,88,94
1,14,32,79,87,88,94,98
15,22,26,29,79,80,86,95
37,44,45,58,63,72,73,82
23,53,58,63,66,69,73,82
21,23,27,32,36,66,82,83
21,27,32,44,64,66,72,83
2,3,29,42,46,63,81,87
27,28,60,69,71,75,81,94
10,33,36,49,52,54,92,99
24,33,45,49,53,59,71,95
24,45,53,56,66,70,71,95
10,15,24,36,45,71,92,95
19,58,70,72,73,83,92,95
19,29,56,67,70,72,76,87
7,19,41,57,76,83,87,94
19,29,56,59,70,73,83,92
19,21,33,63,65,73,77,84
19,21,27,30,31,44,73,84
27,30,33,40,50,53,59,98
40,44,63,76,77,84,98,99
19,21,30,44,50,53,55,98
0,3,32,48,65,75,80,82
8,16,34,48,49,72,80,85
32,34,48,49,62,72,85,98
7,18,22,39,66,72,94,98
18,24,29,67,78,83,91,93
6,18,29,32,39,66,78,83
22,29,32,37,39,66,91,94
1,6,12,15,72,85,87,97
1,12,17,45,46,74,87,97
1,17,45,60,74,87,96,97
12,15,17,74,79,87,93,97
1,7,14,15,16,37,57,66
0,16,23,42,45,63,70,90
27,31,45,58,63,70,73,90
5,19,27,31,42,73,90,95
5,45,58,63,72,73,90,92
16,27,28,58,72,73,83,95
5,42,45,61,63,70,72,90
0,21,32,33,54,77,80,83
11,22,31,44,68,71,74,94
5,12,22,26,48,51,90,98
5,11,22,31,48,71,78,98
9,11,12,26,44,46,71,89
11,14,22,42,44,61,71,94
14,24,31,42,65,68,71,77
13,30,44,68,71,74,81,94
0,13,21,25,63,65,81,84
0,10,16,55,65,68,84,96
5,8,13,22,35,59,71,91
13,18,22,52,59,71,80,94
13,52,57,59,71,80,81,94
5,12,19,20,38,42,48,51
5,19,22,42,43,50,51,64
5,19,20,22,43,51,64,67
14,19,59,62,63,80,92,99
7,19,34,63,73,77,81,87
7,20,34,41,64,81,87,92
7,41,63,64,73,80,81,87
6,18,22,33,49,78,83,91
22,23,33,34,36,46,91,93
22,45,46,63,78,79,83,93
0,5,10,42,55,58,61,65
10,18,30,53,61,65,77,81
6,22,44,52,56,64,78,93
28,36,43,46,50,52,63,64
28,32,39,44,46,56,63,64
6,24,43,44,46,50,63,64
22,24,43,46,63,77,78,93
7,17,24,30,59,63,73,82
30,31,42,59,62,71,73,74
1,20,22,40,57,71,72,86
7,11,22,45,56,66,74,98
7,11,14,22,28,36,56,94
5,31,48,63,67,72,79,96
15,22,31,34,45,63,72,79
5,15,22,45,48,63,72,82
5,15,22,67,78,79,96,98
22,45,63,71,78,79,82,98
11,28,31,34,50,67,79,96
5,34,45,63,71,72,96,98
22,29,44,54,70,71,78,93
18,35,46,58,70,87,94,97
1,6,13,35,58,75,87,94
13,27,48,58,69,73,75,94
0,37,40,53,65,79,80,92
17,19,27,60,76,79,83,84
10,17,27,33,41,57,83,87
7,10,17,26,27,76,84,94
6,11,15,32,35,63,87,97
1,11,12,14,32,63,87,94
11,15,32,52,57,72,85,94
8,16,19,27,30,56,76,89
19,27,31,52,76,82,84,92
18,24,29,33,54,77,78,93
1,14,33,47,66,83,84,91
1,2,19,32,84,87,88,96
1,2,20,47,49,66,78,84
1,14,18,32,66,87,88,96
16,40,53,57,63,65,79,92
35,40,57,60,75,79,92,98
5,10,22,40,42,47,58,91
5,13,35,40,44,58,61,88
13,35,40,41,42,47,48,88
10,23,61,66,74,81,90,95
21,23,41,59,66,81,83,90
21,28,33,35,36,41,69,78
10,21,24,29,54,69,78,93
10,24,28,33,34,36,93,94
1,8,9,56,75,77,88,96
1,15,45,48,49,62,88,97
21,31,32,40,45,60,66,83
5,31,53,60,72,79,96,97
31,59,63,70,73,83,96,97
9,17,48,63,73,79,86,97
8,16,40,53,57,65,72,92
8,11,21,57,72,92,96,97
4,9,53,58,64,65,89,92
0,21,24,45,46,83,87,88
1,21,28,30,58,73,83,87
24,31,49,51,53,60,61,87
6,24,31,47,49,77,94,96
21,31,42,51,60,77,79,96
7,8,22,31,35,42,55,68
8,30,35,49,51,60,68,87
22,32,37,66,69,94,97,99
0,12,22,37,57,87,92,99
10,12,18,37,41,87,94,97
0,10,18,22,69,92,94,97
22,41,61,66,89,94,96,99
0,12,22,28,37,57,87,92
16,23,37,45,63,75,90,99
27,29,45,47,56,63,64,99
11,16,47,56,61,63,64,90
8,16,17,40,57,72,92,99
5,8,16,72,80,84,97,99
33,50,64,72,74,84,86,94
5,11,17,19,27,30,36,84
11,17,27,33,36,40,52,72
19,27,33,40,52,84,92,99
11,19,27,32,36,52,54,72
5,18,38,39,45,49,50,95
18,39,49,65,69,74,92,95
4,5,11,18,45,75,81,95
0,11,22,55,75,87,95,97
0,5,17,55,75,87,95,96
0,4,11,31,74,81,95,96
10,21,30,53,57,62,71,78
30,40,45,53,62,71,90,98
21,31,35,40,57,60,92,98
0,15,23,35,54,55,63,75
8,10,23,35,54,55,70,99
5,16,29,34,39,48,80,84
5,29,32,39,48,59,74,80
0,5,31,32,39,56,59,86
2,10,28,49,65,77,84,85
6,8,10,56,72,89,96,98
5,13,26,34,42,60,74,75
5,8,34,54,55,65,74,97
13,19,26,32,54,55,65,74
2,5,13,18,36,53,75,88
16,19,45,53,55,67,89,98
0,4,5,24,43,57,87,88
0,12,22,24,37,57,87,92
8,16,33,34,43,45,63,72
10,16,19,30,45,89,96,98
33,34,45,63,72,89,96,98
9,15,17,60,61,69,89,95
15,17,26,42,76,82,89,91
0,17,42,61,69,87,89,95
9,12,19,26,42,46,71,89
9,13,28,47,60,69,81,94
45,47,51,60,80,83,89,94
0,4,5,24,26,45,46,47
0,4,19,26,52,81,83,87
4,17,28,40,57,58,98,99
27,28,53,54,57,58,94,98
1,10,32,55,56,74,81,87
10,55,66,74,81,87,92,95
15,54,63,64,73,87,93,97
49,56,63,64,73,74,90,97
9,12,17,49,54,64,79,90
11,27,31,36,73,75,84,90
8,11,27,45,58,62,70,98
8,45,48,55,58,63,73,90
2,4,5,18,36,53,66,75
11,45,50,53,66,78,81,95
5,37,39,47,49,50,66,95
4,5,11,18,36,45,47,95
8,11,25,28,50,77,86,91
8,40,46,50,64,86,91,94
10,42,55,75,84,87,88,96
0,15,21,63,73,75,87,97
7,19,25,63,73,77,81,97
0,7,13,15,19,21,36,75
15,16,25,34,43,69,79,84
11,30,31,44,75,84,90,95
22,24,53,62,70,71,78,81
14,19,24,47,73,77,94,96
18,31,36,42,60,74,88,89
0,6,15,22,23,75,87,93
12,31,35,37,41,70,79,87
38,42,57,63,78,87,88,90
10,23,28,65,74,80,93,98
1,8,28,56,70,97,98,99
2,9,34,41,81,89,90,91
17,18,36,50,62,74,84,91
15,17,18,48,74,76,77,84
13,30,52,59,71,72,80,94
17,22,33,36,46,62,91,94
33,43,46,50,74,84,91,94
8,16,24,40,49,72,97,99
5,24,25,29,32,39,48,68
19,24,32,39,48,65,68,92
2,53,61,65,73,80,81,98
10,28,32,61,74,77,84,93
10,18,30,49,65,73,74,85
5,37,45,47,63,72,89,90
18,31,42,65,74,78,85,89
7,24,30,43,63,66,73,82
16,18,42,49,59,71,73,85
14,16,44,51,71,89,96,98
15,16,19,36,39,72,75,92
27,31,34,53,67,72,91,97
19,20,28,31,32,58,67,96
5,7,28,31,32,60,86,96
7,9,11,23,28,46,56,89
7,9,10,11,14,24,46,94
17,22,23,24,28,36,91,93
15,27,32,54,68,72,85,98
15,40,41,48,49,68,88,97
15,16,17,24,28,57,58,92
7,9,26,28,32,39,56,59
13,23,32,48,59,68,74,80
0,4,19,50,58,74,81,95
10,14,16,30,62,71,78,89
4,16,30,32,53,58,66,87
